Episode,Total_Reward,Steps,Epsilon
3001,9.214158341843182,20,0.01
3002,9.225597070598964,20,0.01
3003,6.291720009270644,20,0.01
3004,9.38146846813419,20,0.01
3005,7.345827172316165,20,0.01
3006,7.382710942399834,20,0.01
3007,9.386383965954224,20,0.01
3008,9.890696190531456,20,0.01
3009,9.820737280529256,20,0.01
3010,6.812039614493224,20,0.01
3011,8.382683888931265,20,0.01
3012,8.542723516633156,20,0.01
3013,7.0246683252071715,20,0.01
3014,9.330014906762672,20,0.01
3015,11.27499379343218,20,0.01
3016,8.326129240090456,20,0.01
3017,7.840895930342498,20,0.01
3018,8.952060378826356,20,0.01
3019,8.95817707226316,20,0.01
3020,10.342720149780526,20,0.01
3021,7.568422256310858,20,0.01
3022,7.52931023193302,20,0.01
3023,10.086928641148102,20,0.01
3024,11.41325963340999,20,0.01
3025,8.186552651178935,20,0.01
3026,8.955746472359216,20,0.01
3027,9.687991041867557,20,0.01
3028,8.287202695067798,20,0.01
3029,7.740419975115646,20,0.01
3030,9.165800881525824,20,0.01
3031,7.362948357692573,20,0.01
3032,8.193093871251065,20,0.01
3033,11.942025307178088,20,0.01
3034,11.840526343535684,20,0.01
3035,9.207719643977276,20,0.01
3036,9.81050785047582,20,0.01
3037,8.53479501527843,20,0.01
3038,9.080538397827345,20,0.01
3039,11.656344651429206,20,0.01
3040,10.116414206887638,20,0.01
3041,7.851006973748742,20,0.01
3042,9.437004384570812,20,0.01
3043,9.389099190176703,20,0.01
3044,8.887466739992043,20,0.01
3045,7.500072529692661,20,0.01
3046,10.44506463913494,20,0.01
3047,11.155915913855583,20,0.01
3048,9.184852096106363,20,0.01
3049,10.92380788658485,20,0.01
3050,10.927027062301772,20,0.01
3051,7.993637180875016,20,0.01
3052,9.852783543506368,20,0.01
3053,10.240003897680783,20,0.01
3054,8.519000090597435,20,0.01
3055,11.056880271586012,20,0.01
3056,11.694207921749195,20,0.01
3057,11.344528058506883,20,0.01
3058,8.254441034131906,20,0.01
3059,8.677839563931045,20,0.01
3060,8.082199168005179,20,0.01
3061,10.586855146702387,20,0.01
3062,6.310082212956695,20,0.01
3063,8.47226663873781,20,0.01
3064,9.089567978380405,20,0.01
3065,10.452346085386493,20,0.01
3066,7.311470383624449,20,0.01
3067,10.25498462717562,20,0.01
3068,8.520643680174786,20,0.01
3069,10.806406457689453,20,0.01
3070,10.044470553285896,20,0.01
3071,7.60780932950275,20,0.01
3072,8.000676524338786,20,0.01
3073,11.263523383903026,20,0.01
3074,9.469225493573816,20,0.01
3075,9.63227881760846,20,0.01
3076,8.688600229252781,20,0.01
3077,8.96917095605491,20,0.01
3078,9.243482162827808,20,0.01
3079,11.23153457718866,20,0.01
3080,7.066034081659028,20,0.01
3081,9.348203335575565,20,0.01
3082,9.290206768297502,20,0.01
3083,7.8556666925431315,20,0.01
3084,8.428216033372278,20,0.01
3085,9.133813325076696,20,0.01
3086,12.604406099894973,20,0.01
3087,10.036099865726252,20,0.01
3088,8.297164457683092,20,0.01
3089,9.25702021261531,20,0.01
3090,9.245592262523155,20,0.01
3091,9.301276607421233,20,0.01
3092,11.854168565060753,20,0.01
3093,9.030010588628903,20,0.01
3094,6.79369782241003,20,0.01
3095,9.958522752552154,20,0.01
3096,9.537775206139168,20,0.01
3097,6.495549407778948,20,0.01
3098,8.160454838410853,20,0.01
3099,9.626461852761038,20,0.01
3100,8.853914386486762,20,0.01
3101,11.030082411394291,20,0.01
3102,9.780320929735588,20,0.01
3103,10.30855413463826,20,0.01
3104,9.310182638297105,20,0.01
3105,9.548781423484787,20,0.01
3106,10.685309877570374,20,0.01
3107,10.339481968174436,20,0.01
3108,9.385429578654806,20,0.01
3109,8.759850866715848,20,0.01
3110,9.315598374512264,20,0.01
3111,10.060099202458032,20,0.01
3112,10.809355108250992,20,0.01
3113,9.141921727553813,20,0.01
3114,8.046050213002294,20,0.01
3115,7.862953403339025,20,0.01
3116,7.287594718770202,20,0.01
3117,8.18940388434809,20,0.01
3118,9.826424063156729,20,0.01
3119,11.424490912338454,20,0.01
3120,9.12311597781845,20,0.01
3121,9.677354129630446,20,0.01
3122,8.710025372818507,20,0.01
3123,9.660434577674302,20,0.01
3124,8.028258713224806,20,0.01
3125,8.43054699439371,20,0.01
3126,8.93556005483424,20,0.01
3127,9.256744576057946,20,0.01
3128,9.36121086076994,20,0.01
3129,8.02845067852934,20,0.01
3130,12.231920807922615,20,0.01
3131,10.644404299451017,20,0.01
3132,7.36391271984241,20,0.01
3133,10.799765746598263,20,0.01
3134,9.35354365281428,20,0.01
3135,9.310798999154763,20,0.01
3136,8.647726541865662,20,0.01
3137,8.946715860294313,20,0.01
3138,7.7286321843972035,20,0.01
3139,9.48641710803064,20,0.01
3140,9.251068299884876,20,0.01
3141,11.551913055081425,20,0.01
3142,9.934751011833137,20,0.01
3143,10.9272888636418,20,0.01
3144,8.791481838251766,20,0.01
3145,9.136579840900001,20,0.01
3146,10.350534137572732,20,0.01
3147,10.111102077961439,20,0.01
3148,7.737595114419014,20,0.01
3149,11.13791972771929,20,0.01
3150,9.348122826061758,20,0.01
3151,10.353518104222552,20,0.01
3152,9.563033116790521,20,0.01
3153,9.147839316000944,20,0.01
3154,8.2422135155296,20,0.01
3155,11.713273749032258,20,0.01
3156,9.711813970893402,20,0.01
3157,9.93962621846966,20,0.01
3158,11.180497871661684,20,0.01
3159,8.4663775899904,20,0.01
3160,8.778688773578736,20,0.01
3161,8.084396517873316,20,0.01
3162,9.710703424659945,20,0.01
3163,8.154735580689245,20,0.01
3164,7.599723686003705,20,0.01
3165,9.0957972982615,20,0.01
3166,7.220505919283098,20,0.01
3167,10.054961424325615,20,0.01
3168,7.856872645704872,20,0.01
3169,9.851097837544673,20,0.01
3170,9.460250548962238,20,0.01
3171,11.082883365618144,20,0.01
3172,8.510148834574478,20,0.01
3173,10.523993963034728,20,0.01
3174,11.396660127465275,20,0.01
3175,8.203040663941158,20,0.01
3176,8.720674523563561,20,0.01
3177,10.198052155450943,20,0.01
3178,7.79103772996168,20,0.01
3179,9.12149417764081,20,0.01
3180,9.734464655944144,20,0.01
3181,6.297434309261733,20,0.01
3182,7.869183805407464,20,0.01
3183,9.254002108426578,20,0.01
3184,6.393532899567915,20,0.01
3185,9.966660813208337,20,0.01
3186,8.244222197384177,20,0.01
3187,10.734858520823886,20,0.01
3188,8.149726974303972,20,0.01
3189,12.125228808055319,20,0.01
3190,9.48829898772174,20,0.01
3191,7.242798656558308,20,0.01
3192,9.131382508154044,20,0.01
3193,7.277862074076199,20,0.01
3194,9.166904660502379,20,0.01
3195,8.686725726863727,20,0.01
3196,8.016402359241383,20,0.01
3197,13.616680239893446,20,0.01
3198,9.250922053015374,20,0.01
3199,8.87104906533084,20,0.01
3200,7.318173207914219,20,0.01
3201,9.34952054359251,20,0.01
3202,9.752682071087326,20,0.01
3203,10.521828728747805,20,0.01
3204,9.978109995432954,20,0.01
3205,10.473261270657765,20,0.01
3206,7.2003813883286325,20,0.01
3207,8.586891630715607,20,0.01
3208,8.558800167280731,20,0.01
3209,9.108430133488081,20,0.01
3210,9.028843993313329,20,0.01
3211,7.185445324365557,20,0.01
3212,8.596499458822391,20,0.01
3213,8.09585253710429,20,0.01
3214,8.859655487262343,20,0.01
3215,10.48082144999367,20,0.01
3216,7.667004222905536,20,0.01
3217,7.932297691945683,20,0.01
3218,5.6571194102194475,20,0.01
3219,9.913360713730968,20,0.01
3220,7.146314030909915,20,0.01
3221,9.164516225049237,20,0.01
3222,10.299826593874785,20,0.01
3223,11.322440689461375,20,0.01
3224,10.731861338058591,20,0.01
3225,8.719298394168547,20,0.01
3226,11.965636054839708,20,0.01
3227,10.633593309617826,20,0.01
3228,10.88554628963504,20,0.01
3229,10.409772859964715,20,0.01
3230,10.528148543958208,20,0.01
3231,9.940409738021511,20,0.01
3232,10.050248412200906,20,0.01
3233,11.554414838870565,20,0.01
3234,8.120486049032941,20,0.01
3235,8.599499764614158,20,0.01
3236,6.4651863264072515,20,0.01
3237,11.115813356277155,20,0.01
3238,10.009847660988864,20,0.01
3239,9.506997439928993,20,0.01
3240,8.634029721215313,20,0.01
3241,7.958653132192291,20,0.01
3242,6.292036472639246,20,0.01
3243,8.575261638029437,20,0.01
3244,9.76525350747194,20,0.01
3245,8.457212304744546,20,0.01
3246,8.625885576284338,20,0.01
3247,6.950186537448113,20,0.01
3248,10.299360166504911,20,0.01
3249,7.889083688434534,20,0.01
3250,8.906304350894853,20,0.01
3251,8.432018083622072,20,0.01
3252,10.414937886781068,20,0.01
3253,8.224275443471795,20,0.01
3254,9.254554951300813,20,0.01
3255,7.861410749393059,20,0.01
3256,8.65660922894358,20,0.01
3257,8.738304929052763,20,0.01
3258,8.671289136650664,20,0.01
3259,9.557658308733041,20,0.01
3260,8.906132045908715,20,0.01
3261,8.6296609456033,20,0.01
3262,9.084655868318475,20,0.01
3263,8.473131190606098,20,0.01
3264,9.71416513533662,20,0.01
3265,10.125524963206363,20,0.01
3266,7.109814161425438,20,0.01
3267,9.608248233819552,20,0.01
3268,7.075807222004116,20,0.01
3269,8.794618126751708,20,0.01
3270,8.398788013951961,20,0.01
3271,9.213713645006033,20,0.01
3272,9.485222185478818,20,0.01
3273,12.204694828771498,20,0.01
3274,6.807152967559012,20,0.01
3275,11.396009017740361,20,0.01
3276,9.094683943804577,20,0.01
3277,10.22033997025782,20,0.01
3278,8.13316250728598,20,0.01
3279,7.533802994745223,20,0.01
3280,10.814894044635409,20,0.01
3281,9.601294662330142,20,0.01
3282,9.7678628623801,20,0.01
3283,8.338056949781308,20,0.01
3284,10.352926866089952,20,0.01
3285,9.783239266321745,20,0.01
3286,8.480371844185214,20,0.01
3287,11.355186451484037,20,0.01
3288,7.409346551842925,20,0.01
3289,9.005236866358917,20,0.01
3290,7.623834958102926,20,0.01
3291,9.692512976279698,20,0.01
3292,9.690850837470686,20,0.01
3293,11.64897493479178,20,0.01
3294,7.337081007834611,20,0.01
3295,10.83773234202338,20,0.01
3296,11.38082510981309,20,0.01
3297,10.036202763949767,20,0.01
3298,8.687689308529967,20,0.01
3299,10.022047903548073,20,0.01
3300,9.039315933646037,20,0.01
3301,7.44636224208796,20,0.01
3302,6.024433535219223,20,0.01
3303,8.266163872022737,20,0.01
3304,11.502625415240926,20,0.01
3305,13.26765204188497,20,0.01
3306,8.430137308894379,20,0.01
3307,8.439892854499798,20,0.01
3308,8.210736006147142,20,0.01
3309,7.761282053565086,20,0.01
3310,11.413878849031962,20,0.01
3311,7.7384406941743755,20,0.01
3312,7.668908626444755,20,0.01
3313,9.04397850829993,20,0.01
3314,11.078568722757401,20,0.01
3315,9.661375078264673,20,0.01
3316,11.321210778237976,20,0.01
3317,10.605297750136812,20,0.01
3318,8.78238515729303,20,0.01
3319,7.5018371208047245,20,0.01
3320,8.463002123969106,20,0.01
3321,8.705767074599756,20,0.01
3322,7.287767206095152,20,0.01
3323,9.005421547758855,20,0.01
3324,9.28870112404216,20,0.01
3325,9.613162522565439,20,0.01
3326,10.24148510733885,20,0.01
3327,9.036032783010969,20,0.01
3328,9.676699515789263,20,0.01
3329,6.467034064943123,20,0.01
3330,9.614072059924013,20,0.01
3331,8.933134421185303,20,0.01
3332,10.545808938443548,20,0.01
3333,10.169892590702613,20,0.01
3334,10.466510037258214,20,0.01
3335,9.979472209559615,20,0.01
3336,9.71139084993243,20,0.01
3337,10.167571598119657,20,0.01
3338,8.151490418152349,20,0.01
3339,10.402503681644161,20,0.01
3340,10.380520945665472,20,0.01
3341,10.193597873888404,20,0.01
3342,7.8407512484864235,20,0.01
3343,10.249872961218745,20,0.01
3344,5.984654062537167,20,0.01
3345,8.22587921640358,20,0.01
3346,8.913045040431363,20,0.01
3347,8.741921838322131,20,0.01
3348,7.799155409254817,20,0.01
3349,9.016168099329233,20,0.01
3350,9.08217412555271,20,0.01
3351,11.130423282876475,20,0.01
3352,8.896888631149144,20,0.01
3353,10.524858456551176,20,0.01
3354,9.386610421736993,20,0.01
3355,7.277184070022203,20,0.01
3356,11.44232545036963,20,0.01
3357,8.980435904868449,20,0.01
3358,7.764269448748343,20,0.01
3359,7.752393277308027,20,0.01
3360,7.754411974508364,20,0.01
3361,8.992883046335002,20,0.01
3362,7.621834528395174,20,0.01
3363,6.046930047757563,20,0.01
3364,10.30895723763177,20,0.01
3365,11.362702150394057,20,0.01
3366,8.439756395433772,20,0.01
3367,10.90054471239841,20,0.01
3368,11.24389274142554,20,0.01
3369,10.695634746591521,20,0.01
3370,8.22109345557152,20,0.01
3371,9.793719412730711,20,0.01
3372,11.417778366854563,20,0.01
3373,9.32071632084519,20,0.01
3374,11.547337724882192,20,0.01
3375,9.161598636949632,20,0.01
3376,9.959695435326761,20,0.01
3377,8.542992938818252,20,0.01
3378,9.410076231905258,20,0.01
3379,9.76654063960424,20,0.01
3380,7.695555972683668,20,0.01
3381,7.41523992266541,20,0.01
3382,8.644716522856548,20,0.01
3383,8.331751978772877,20,0.01
3384,8.374580445551288,20,0.01
3385,7.825615028348135,20,0.01
3386,11.707838353177499,20,0.01
3387,9.188450641922836,20,0.01
3388,10.142931800799236,20,0.01
3389,6.945560738519983,20,0.01
3390,9.662747769177788,20,0.01
3391,9.476969911851455,20,0.01
3392,7.782961975212487,20,0.01
3393,9.173003500989761,20,0.01
3394,10.58603612471155,20,0.01
3395,11.404280185483094,20,0.01
3396,8.043721912495386,20,0.01
3397,8.353672478105096,20,0.01
3398,8.502583668517504,20,0.01
3399,8.209547473098327,20,0.01
3400,10.47270472825593,20,0.01
3401,9.399167549461934,20,0.01
3402,8.961973079392036,20,0.01
3403,7.155961597396255,20,0.01
3404,11.442505546927082,20,0.01
3405,10.251955607921802,20,0.01
3406,11.54284867086953,20,0.01
3407,9.668065817401063,20,0.01
3408,9.731280202421903,20,0.01
3409,13.43579805937847,20,0.01
3410,10.856784365977985,20,0.01
3411,9.798010579448903,20,0.01
3412,9.913699213586138,20,0.01
3413,8.345249950661405,20,0.01
3414,12.61788377647245,20,0.01
3415,9.258463201325583,20,0.01
3416,10.875534967446557,20,0.01
3417,11.397719477092581,20,0.01
3418,10.889476326606154,20,0.01
3419,9.649086865096287,20,0.01
3420,8.880420475350407,20,0.01
3421,7.436233264297623,20,0.01
3422,10.395160782031152,20,0.01
3423,8.976351807249216,20,0.01
3424,10.16153418298552,20,0.01
3425,9.882316605934118,20,0.01
3426,8.289520837326133,20,0.01
3427,11.27175282110097,20,0.01
3428,7.427660318480099,20,0.01
3429,10.016256054925005,20,0.01
3430,10.257301857803919,20,0.01
3431,10.360289505959473,20,0.01
3432,9.71537393950664,20,0.01
3433,10.281609252524962,20,0.01
3434,9.031387704157988,20,0.01
3435,9.194806466751535,20,0.01
3436,8.770651470621521,20,0.01
3437,7.0201124272050786,20,0.01
3438,8.18808647003328,20,0.01
3439,11.617118928243293,20,0.01
3440,11.145537591762812,20,0.01
3441,9.824832887136088,20,0.01
3442,9.439456677249636,20,0.01
3443,8.882287028388202,20,0.01
3444,7.5806227018500225,20,0.01
3445,10.643031034862393,20,0.01
3446,8.275295113199007,20,0.01
3447,11.096038861877568,20,0.01
3448,9.878362050677673,20,0.01
3449,9.424512219591852,20,0.01
3450,9.508182396443889,20,0.01
3451,8.979977743189437,20,0.01
3452,10.826262358675429,20,0.01
3453,7.999394506129734,20,0.01
3454,7.445316873734664,20,0.01
3455,7.812919925296961,20,0.01
3456,8.11560633398191,20,0.01
3457,10.190629241998995,20,0.01
3458,8.882725660496911,20,0.01
3459,11.552807978220155,20,0.01
3460,8.45335670992887,20,0.01
3461,14.465805333558656,20,0.01
3462,7.240921197066976,20,0.01
3463,9.395080410289461,20,0.01
3464,9.802157878430286,20,0.01
3465,6.883050570211822,20,0.01
3466,9.358924672926044,20,0.01
3467,7.20344475297563,20,0.01
3468,9.0141499335904,20,0.01
3469,11.847513594319256,20,0.01
3470,7.9832840919492885,20,0.01
3471,6.949125037380132,20,0.01
3472,10.232479523389713,20,0.01
3473,9.4679597538242,20,0.01
3474,8.702471142024391,20,0.01
3475,6.890587877807716,20,0.01
3476,9.780801162168018,20,0.01
3477,10.199820317091918,20,0.01
3478,12.401327153882487,20,0.01
3479,11.049944969974362,20,0.01
3480,8.152100240180998,20,0.01
3481,6.782682925934838,20,0.01
3482,7.655830020495868,20,0.01
3483,8.105183487542115,20,0.01
3484,10.495265930919848,20,0.01
3485,8.998015001726365,20,0.01
3486,7.659911318208982,20,0.01
3487,9.249703927007182,20,0.01
3488,8.947883778862133,20,0.01
3489,11.597333461131123,20,0.01
3490,8.484954266942642,20,0.01
3491,7.400302505265888,20,0.01
3492,9.1373935988151,20,0.01
3493,11.455262821421417,20,0.01
3494,11.435310551553632,20,0.01
3495,7.280016058366389,20,0.01
3496,7.427220164751564,20,0.01
3497,6.444058330073507,20,0.01
3498,9.680075992929783,20,0.01
3499,11.035287715166977,20,0.01
3500,9.378217963260168,20,0.01
3501,8.643963062031998,20,0.01
3502,10.168054674343727,20,0.01
3503,9.927462155257063,20,0.01
3504,10.870965326011497,20,0.01
3505,7.910170596989562,20,0.01
3506,7.723257334812801,20,0.01
3507,10.565051813220105,20,0.01
3508,11.617691238491117,20,0.01
3509,9.198025919404772,20,0.01
3510,9.496946925939701,20,0.01
3511,7.978847159075805,20,0.01
3512,10.614453181202931,20,0.01
3513,9.524388615332395,20,0.01
3514,9.251756147158753,20,0.01
3515,8.572835257718712,20,0.01
3516,7.930366542863729,20,0.01
3517,6.883004390143225,20,0.01
3518,9.49811288193126,20,0.01
3519,9.247787308912073,20,0.01
3520,7.45663037331944,20,0.01
3521,8.318665103113283,20,0.01
3522,8.075703283930865,20,0.01
3523,7.890571575202936,20,0.01
3524,10.612047013239604,20,0.01
3525,9.7302381240893,20,0.01
3526,11.572194735157563,20,0.01
3527,11.396558867686029,20,0.01
3528,11.298692524149944,20,0.01
3529,7.670583140257607,20,0.01
3530,8.773213632294674,20,0.01
3531,6.906046310042975,20,0.01
3532,9.08454897227655,20,0.01
3533,7.8898307347899745,20,0.01
3534,8.153638733837534,20,0.01
3535,5.95605616881795,20,0.01
3536,9.597966589157066,20,0.01
3537,10.154808273217572,20,0.01
3538,7.291654988465151,20,0.01
3539,8.847675216333197,20,0.01
3540,7.339825617725213,20,0.01
3541,8.33322181977742,20,0.01
3542,7.172828499278036,20,0.01
3543,8.74608786486037,20,0.01
3544,9.239538376036812,20,0.01
3545,9.335716667448649,20,0.01
3546,9.535384967661209,20,0.01
3547,9.283450790263354,20,0.01
3548,10.619428642106211,20,0.01
3549,8.136284025014653,20,0.01
3550,7.833574934317385,20,0.01
3551,9.23097629993973,20,0.01
3552,6.92446307320594,20,0.01
3553,7.9082790794530755,20,0.01
3554,9.175908028700212,20,0.01
3555,7.626730841454961,20,0.01
3556,8.126514319618929,20,0.01
3557,12.22419663776602,20,0.01
3558,9.949738371353114,20,0.01
3559,6.774025731001565,20,0.01
3560,8.919723797739193,20,0.01
3561,8.298352191473722,20,0.01
3562,8.33667334269079,20,0.01
3563,9.257047382136541,20,0.01
3564,10.56401457436631,20,0.01
3565,9.77830192962325,20,0.01
3566,10.364195629260692,20,0.01
3567,10.460221713849661,20,0.01
3568,10.702717486318074,20,0.01
3569,10.264705031888976,20,0.01
3570,8.066129956404943,20,0.01
3571,9.121239934438645,20,0.01
3572,10.784985036419574,20,0.01
3573,11.165624640306149,20,0.01
3574,8.075564211656781,20,0.01
3575,11.118545614151447,20,0.01
3576,10.369313900063219,20,0.01
3577,6.3809749338007045,20,0.01
3578,10.073824390088873,20,0.01
3579,9.366844192931522,20,0.01
3580,10.150772946747225,20,0.01
3581,10.093419279417812,20,0.01
3582,10.325387841059822,20,0.01
3583,9.441158086568969,20,0.01
3584,11.377646740579044,20,0.01
3585,9.722405629553549,20,0.01
3586,10.821827126347351,20,0.01
3587,8.149892388287123,20,0.01
3588,9.837735164592216,20,0.01
3589,8.8186215828327,20,0.01
3590,10.101921766526303,20,0.01
3591,10.901271249174695,20,0.01
3592,11.654840760797642,20,0.01
3593,7.759090801912399,20,0.01
3594,9.983249972914791,20,0.01
3595,10.065989408525928,20,0.01
3596,10.167799347728018,20,0.01
3597,7.4538937649003625,20,0.01
3598,9.101121979611987,20,0.01
3599,8.894835867653624,20,0.01
3600,8.452727997069214,20,0.01
3601,9.78711843885693,20,0.01
3602,8.138817535961884,20,0.01
3603,10.170489454642027,20,0.01
3604,9.13297550828798,20,0.01
3605,7.743623790888368,20,0.01
3606,6.755603100597292,20,0.01
3607,9.182066219258603,20,0.01
3608,7.631475388588985,20,0.01
3609,7.265608011488402,20,0.01
3610,10.331107671906175,20,0.01
3611,6.145717003695432,20,0.01
3612,8.896571330507678,20,0.01
3613,8.581325356469312,20,0.01
3614,10.475209599851324,20,0.01
3615,8.460427079756043,20,0.01
3616,8.952309075574586,20,0.01
3617,8.47650777107439,20,0.01
3618,10.856145842198053,20,0.01
3619,8.530584388581614,20,0.01
3620,10.227597355717576,20,0.01
3621,9.879709227602811,20,0.01
3622,10.164624779085113,20,0.01
3623,6.083939121766016,20,0.01
3624,13.238273982730844,20,0.01
3625,10.188201041280795,20,0.01
3626,13.005720963830289,20,0.01
3627,10.305895120040446,20,0.01
3628,8.877955106935369,20,0.01
3629,8.195385356154466,20,0.01
3630,10.797129621468217,20,0.01
3631,7.426106041422702,20,0.01
3632,11.962202969453243,20,0.01
3633,7.79711121886198,20,0.01
3634,9.60464936762978,20,0.01
3635,7.900754721486087,20,0.01
3636,7.795274103956361,20,0.01
3637,11.791063289839114,20,0.01
3638,7.563672976658012,20,0.01
3639,8.3886060035344,20,0.01
3640,7.459073877372964,20,0.01
3641,9.026871189362554,20,0.01
3642,9.692594834467334,20,0.01
3643,7.289535174383612,20,0.01
3644,10.231589443628797,20,0.01
3645,11.178125313223765,20,0.01
3646,10.56734476399629,20,0.01
3647,10.421517427746334,20,0.01
3648,7.979159131947766,20,0.01
3649,7.805292406077063,20,0.01
3650,11.306075700565362,20,0.01
3651,11.03904801627244,20,0.01
3652,10.134435594868163,20,0.01
3653,10.74025463086534,20,0.01
3654,7.69882640914846,20,0.01
3655,7.991076027982619,20,0.01
3656,10.364686382680418,20,0.01
3657,10.02509680712116,20,0.01
3658,9.930065804258286,20,0.01
3659,8.85162564027446,20,0.01
3660,8.396429544995653,20,0.01
3661,9.429523540232086,20,0.01
3662,8.389289366636623,20,0.01
3663,11.084764768809318,20,0.01
3664,8.69933743807216,20,0.01
3665,10.960867952664673,20,0.01
3666,8.1101157286098,20,0.01
3667,8.049930548526193,20,0.01
3668,8.876853913451706,20,0.01
3669,8.937370658238414,20,0.01
3670,7.956162559419369,20,0.01
3671,9.100542820640388,20,0.01
3672,11.773556744649346,20,0.01
3673,9.574825386398501,20,0.01
3674,9.043767459978774,20,0.01
3675,7.638300080333804,20,0.01
3676,8.142962119500794,20,0.01
3677,11.087198733605383,20,0.01
3678,10.051584410469793,20,0.01
3679,8.208945108275266,20,0.01
3680,8.1018619997305,20,0.01
3681,9.197326666200667,20,0.01
3682,10.145192678789138,20,0.01
3683,10.466543870675066,20,0.01
3684,6.289371799656821,20,0.01
3685,10.575030833546096,20,0.01
3686,6.142901614709646,20,0.01
3687,7.772768529513276,20,0.01
3688,8.43867741957468,20,0.01
3689,8.59552586985214,20,0.01
3690,9.56702834324538,20,0.01
3691,8.070419216930585,20,0.01
3692,9.576682316506162,20,0.01
3693,10.883131122975986,20,0.01
3694,10.627208759726608,20,0.01
3695,8.606196984526433,20,0.01
3696,8.558060055162915,20,0.01
3697,8.671229929671286,20,0.01
3698,11.6423889087974,20,0.01
3699,8.218059086101823,20,0.01
3700,10.686103979219917,20,0.01
3701,9.851404835604004,20,0.01
3702,10.561827035966445,20,0.01
3703,8.712511925980312,20,0.01
3704,12.837555626271227,20,0.01
3705,7.918738519440083,20,0.01
3706,9.043308805119612,20,0.01
3707,8.081197635742562,20,0.01
3708,7.106246882451798,20,0.01
3709,10.655535582665545,20,0.01
3710,9.609938164031924,20,0.01
3711,8.158765947619138,20,0.01
3712,8.322173732222456,20,0.01
3713,9.497472335095695,20,0.01
3714,7.981173914255855,20,0.01
3715,9.693534471540772,20,0.01
3716,7.1824156012659826,20,0.01
3717,6.763349746965166,20,0.01
3718,8.114963756692273,20,0.01
3719,6.79571432839677,20,0.01
3720,10.979591452445435,20,0.01
3721,9.205287257446829,20,0.01
3722,9.994758247754309,20,0.01
3723,8.8538285275724,20,0.01
3724,8.100465758940176,20,0.01
3725,9.713539310685752,20,0.01
3726,8.660046975905699,20,0.01
3727,9.000101488460565,20,0.01
3728,9.459924629168631,20,0.01
3729,11.415026746861573,20,0.01
3730,10.74911931070119,20,0.01
3731,8.848228997595452,20,0.01
3732,6.389212303526243,20,0.01
3733,6.828814928382768,20,0.01
3734,8.975952143861406,20,0.01
3735,10.303029061010013,20,0.01
3736,11.704441894875755,20,0.01
3737,12.104901379115908,20,0.01
3738,9.661057094728681,20,0.01
3739,9.935974262319949,20,0.01
3740,8.644598004731721,20,0.01
3741,12.215695143368894,20,0.01
3742,7.901792005469311,20,0.01
3743,9.931336041974113,20,0.01
3744,8.03246766148174,20,0.01
3745,9.051695162474646,20,0.01
3746,8.909267023547342,20,0.01
3747,9.716472892023381,20,0.01
3748,11.61664699897316,20,0.01
3749,9.79901184783116,20,0.01
3750,7.851529105029269,20,0.01
3751,8.525017812115715,20,0.01
3752,9.333365267126428,20,0.01
3753,7.523531652396862,20,0.01
3754,8.648091253163125,20,0.01
3755,8.239648873613945,20,0.01
3756,6.886879737074173,20,0.01
3757,9.065379739738733,20,0.01
3758,9.973395866176336,20,0.01
3759,7.5235065776256835,20,0.01
3760,8.67096827653805,20,0.01
3761,8.271467675255233,20,0.01
3762,9.729697778290264,20,0.01
3763,7.947722144866603,20,0.01
3764,10.8393280871119,20,0.01
3765,8.223903604610113,20,0.01
3766,10.194984102814411,20,0.01
3767,10.408776039069503,20,0.01
3768,8.922303790850432,20,0.01
3769,7.219711059735616,20,0.01
3770,8.625747044615236,20,0.01
3771,9.750687447010732,20,0.01
3772,12.321956283073398,20,0.01
3773,7.11642957867115,20,0.01
3774,10.662467382639338,20,0.01
3775,7.392742529935502,20,0.01
3776,9.376784226383684,20,0.01
3777,10.225662756911174,20,0.01
3778,8.295575113775861,20,0.01
3779,7.055797895744336,20,0.01
3780,7.774593754446595,20,0.01
3781,10.86277592262243,20,0.01
3782,7.381045265593367,20,0.01
3783,9.64006066630052,20,0.01
3784,7.567403527261811,20,0.01
3785,8.29479059151895,20,0.01
3786,9.453245724343786,20,0.01
3787,6.784401924705104,20,0.01
3788,11.178608431505129,20,0.01
3789,7.541047112504204,20,0.01
3790,8.3620616552819,20,0.01
3791,8.220923115611145,20,0.01
3792,8.955582887514929,20,0.01
3793,9.308644900885945,20,0.01
3794,10.91705541659813,20,0.01
3795,7.931081013006542,20,0.01
3796,8.461809626749767,20,0.01
3797,8.940302270917247,20,0.01
3798,7.836762955889136,20,0.01
3799,8.160706393013635,20,0.01
3800,9.572482850582825,20,0.01
3801,10.141609089867035,20,0.01
3802,9.736586283744316,20,0.01
3803,8.550939960486776,20,0.01
3804,7.4906442861427385,20,0.01
3805,8.317023427028467,20,0.01
3806,9.512027228046907,20,0.01
3807,8.659297296865114,20,0.01
3808,8.618688635200842,20,0.01
3809,6.200876737417572,20,0.01
3810,9.568264805795424,20,0.01
3811,8.327721158433908,20,0.01
3812,8.544200051235482,20,0.01
3813,9.078754183259488,20,0.01
3814,9.512787250806829,20,0.01
3815,11.176965481135912,20,0.01
3816,7.967878073751749,20,0.01
3817,10.80887219958494,20,0.01
3818,8.990086101204373,20,0.01
3819,9.748144227239031,20,0.01
3820,7.682642358162921,20,0.01
3821,8.796244055757992,20,0.01
3822,9.049276047091283,20,0.01
3823,13.62245683118448,20,0.01
3824,7.861491477990215,20,0.01
3825,8.525374526989388,20,0.01
3826,6.668957035975665,20,0.01
3827,9.203757038486925,20,0.01
3828,8.656883727019155,20,0.01
3829,9.695160030843528,20,0.01
3830,6.311020665619174,20,0.01
3831,7.916247697077086,20,0.01
3832,8.009430162773203,20,0.01
3833,9.2448384869925,20,0.01
3834,8.593763316763615,20,0.01
3835,9.299392940224473,20,0.01
3836,8.360916435894811,20,0.01
3837,8.125176804901677,20,0.01
3838,9.43991162713395,20,0.01
3839,10.081047885705111,20,0.01
3840,7.92144500241673,20,0.01
3841,10.10036601310411,20,0.01
3842,7.994298419968928,20,0.01
3843,9.653596492945852,20,0.01
3844,10.537309338720814,20,0.01
3845,7.398434300434501,20,0.01
3846,11.766570566864992,20,0.01
3847,11.449216800903388,20,0.01
3848,8.34814712477689,20,0.01
3849,9.723308153974763,20,0.01
3850,7.798302042385983,20,0.01
3851,10.166055836694596,20,0.01
3852,8.313358132595038,20,0.01
3853,9.438016468677754,20,0.01
3854,10.000900864967228,20,0.01
3855,9.438491972412113,20,0.01
3856,7.943407622265937,20,0.01
3857,8.000177000454118,20,0.01
3858,7.817780093315186,20,0.01
3859,9.632597879669088,20,0.01
3860,8.647333614856777,20,0.01
3861,9.53652028783399,20,0.01
3862,9.153383607580082,20,0.01
3863,8.482092891706886,20,0.01
3864,12.33094252425971,20,0.01
3865,7.280403574830753,20,0.01
3866,8.764579383383852,20,0.01
3867,10.2093999813665,20,0.01
3868,8.938593433756973,20,0.01
3869,9.320964084476579,20,0.01
3870,9.792803224748203,20,0.01
3871,8.87556138712554,20,0.01
3872,9.64806746732,20,0.01
3873,8.683738495518764,20,0.01
3874,8.99943062207792,20,0.01
3875,8.326177721082523,20,0.01
3876,8.46109572019125,20,0.01
3877,11.620860710124278,20,0.01
3878,10.643359124132218,20,0.01
3879,11.883024334523354,20,0.01
3880,7.43171466905615,20,0.01
3881,8.090429337862883,20,0.01
3882,7.222548137083926,20,0.01
3883,9.898335646015159,20,0.01
3884,9.18684453481788,20,0.01
3885,9.441509918226071,20,0.01
3886,7.3037539534825875,20,0.01
3887,8.43660353279101,20,0.01
3888,8.21884410627636,20,0.01
3889,11.523380185936038,20,0.01
3890,8.481469743051774,20,0.01
3891,7.67771909428409,20,0.01
3892,10.412389046419968,20,0.01
3893,7.59154428407835,20,0.01
3894,8.968417889756727,20,0.01
3895,7.325211721775626,20,0.01
3896,8.975792577046963,20,0.01
3897,9.280095014585706,20,0.01
3898,9.797360935100858,20,0.01
3899,7.29367514960169,20,0.01
3900,12.424420986819133,20,0.01
3901,11.55700608227082,20,0.01
3902,12.212446755208143,20,0.01
3903,10.496676639899313,20,0.01
3904,8.991553989805931,20,0.01
3905,8.65829830167025,20,0.01
3906,9.849014935918282,20,0.01
3907,8.553396035306598,20,0.01
3908,8.773846096930942,20,0.01
3909,9.376116321166146,20,0.01
3910,7.733335304380842,20,0.01
3911,10.487568078020034,20,0.01
3912,11.967068259031022,20,0.01
3913,8.870789679918172,20,0.01
3914,8.321119605399991,20,0.01
3915,9.611899459739062,20,0.01
3916,7.103937277609101,20,0.01
3917,7.414108203499095,20,0.01
3918,9.057892056961371,20,0.01
3919,8.657830446717538,20,0.01
3920,8.131219363084798,20,0.01
3921,7.168199896180731,20,0.01
3922,9.8529682968482,20,0.01
3923,9.672822253133308,20,0.01
3924,8.955675537464662,20,0.01
3925,11.189824085404302,20,0.01
3926,13.61215975506908,20,0.01
3927,9.019669666520088,20,0.01
3928,8.701789740630872,20,0.01
3929,10.067482130615309,20,0.01
3930,11.00296011853145,20,0.01
3931,9.1543915167241,20,0.01
3932,9.417730801747744,20,0.01
3933,6.016036657901547,20,0.01
3934,8.85031671294555,20,0.01
3935,9.015415950405982,20,0.01
3936,8.856002499920066,20,0.01
3937,10.741292761163148,20,0.01
3938,6.786395372623767,20,0.01
3939,10.14729241443841,20,0.01
3940,9.286984156952096,20,0.01
3941,10.266514697669022,20,0.01
3942,11.211997934716461,20,0.01
3943,9.12668298654198,20,0.01
3944,9.968910813180512,20,0.01
3945,11.358683964320786,20,0.01
3946,8.54281007849028,20,0.01
3947,10.203394736169793,20,0.01
3948,10.91707812039121,20,0.01
3949,9.86720769829344,20,0.01
3950,8.734771936193924,20,0.01
3951,7.080939150156028,20,0.01
3952,9.600009892930053,20,0.01
3953,9.178090170367891,20,0.01
3954,10.6410530953044,20,0.01
3955,8.430084149001075,20,0.01
3956,7.5764194747381435,20,0.01
3957,9.98128593377204,20,0.01
3958,8.437203171879396,20,0.01
3959,8.147476411792775,20,0.01
3960,7.925133137100094,20,0.01
3961,12.614004918942983,20,0.01
3962,8.17243654473012,20,0.01
3963,9.020094618188649,20,0.01
3964,8.333337956570125,20,0.01
3965,9.641520295030732,20,0.01
3966,9.959624690241062,20,0.01
3967,9.92856785750919,20,0.01
3968,11.51704170080366,20,0.01
3969,9.224020566277364,20,0.01
3970,7.235503346843967,20,0.01
3971,7.603348955670054,20,0.01
3972,10.50382970266083,20,0.01
3973,7.313618353322215,20,0.01
3974,10.329645262850873,20,0.01
3975,7.104270442872196,20,0.01
3976,7.60256026282712,20,0.01
3977,11.004817227182762,20,0.01
3978,10.005588691582567,20,0.01
3979,8.708821934268393,20,0.01
3980,6.451258628432278,20,0.01
3981,9.776803619660727,20,0.01
3982,9.422677406670026,20,0.01
3983,7.718982523571294,20,0.01
3984,10.703803947681918,20,0.01
3985,9.636818048925974,20,0.01
3986,10.339620788536006,20,0.01
3987,7.941412439889747,20,0.01
3988,9.015732635509282,20,0.01
3989,10.892918465431485,20,0.01
3990,8.46983295399212,20,0.01
3991,10.752404441318607,20,0.01
3992,9.524889456907248,20,0.01
3993,11.273873485857768,20,0.01
3994,6.276517897698495,20,0.01
3995,11.043260524085952,20,0.01
3996,7.095349075786952,20,0.01
3997,8.107490958677186,20,0.01
3998,7.554369671659961,20,0.01
3999,8.369717042290336,20,0.01
4000,9.576442993798707,20,0.01
